,margin,score,label
margin,1.0,0.27873217934799593,0.46266105322117673
score,0.2787321793479959,1.0,0.768324754409118
label,0.46266105322117673,0.7683247544091181,0.9999999999999999
