,margin,score,label
margin,1.0,0.28815179081430126,0.4106294421054286
score,0.28815179081430126,1.0,0.8392329760353957
label,0.4106294421054286,0.8392329760353957,1.0
