,margin,score,label
margin,1.0,0.48721671901348124,0.5448240658817455
score,0.4872167190134813,1.0,0.9428090415820632
label,0.5448240658817455,0.9428090415820634,0.9999999999999998
