,margin,score,label
margin,1.0,0.4567145539773848,0.5732394548406035
score,0.4567145539773848,0.9999999999999998,0.8813839009547662
label,0.5732394548406035,0.8813839009547659,0.9999999999999998
