,margin,score,label
margin,0.0,1.476940418815532e-10,2.7799400660329523e-13
score,1.4769404188155162e-10,0.0,2.056353175802051e-74
label,2.7799400660329523e-13,2.0563531758017588e-74,0.0
