,margin,score,label
margin,0.0,8.195647754902973e-15,9.013516889809903e-30
score,8.195647754902973e-15,0.0,2.549586211031928e-186
label,9.013516889809903e-30,2.549586211031928e-186,0.0
