,margin,score,label
margin,0.0,2.625031789813973e-09,7.884860386124105e-15
score,2.625031789813973e-09,0.0,2.2884057177210455e-51
label,7.884860386124105e-15,2.288405717721351e-51,0.0
