,margin,score,label
margin,0.0,6.384047640027282e-14,2.566747546970323e-38
score,6.384047640027586e-14,0.0,5.29908752807366e-137
label,2.566747546970323e-38,5.29908752807366e-137,0.0
