{
  "group_id": "12b3c60bbbff39d4c572695f18bcae80",
  "records": [
    {
      "turn_local0": 0,
      "score": 4,
      "score_nudged": null,
      "margin_baseline": 1.6775777735961783,
      "margin_nudged": 0.5956845119587719
    },
    {
      "turn_local0": 1,
      "score": 5,
      "score_nudged": null,
      "margin_baseline": 1.4503496430419311,
      "margin_nudged": 1.4244502876206642
    }
  ]
}