{
  "group_id": "35b45ac9267461c7af0c5ebc19c701a5",
  "records": [
    {
      "turn_local0": 0,
      "score": 1,
      "score_nudged": null,
      "margin_baseline": 0.9055170256276659,
      "margin_nudged": 0.9055170256276659
    },
    {
      "turn_local0": 1,
      "score": 3,
      "score_nudged": null,
      "margin_baseline": 0.9055170256276659,
      "margin_nudged": 0.9055170256276659
    },
    {
      "turn_local0": 2,
      "score": 3,
      "score_nudged": null,
      "margin_baseline": 0.9055170256276659,
      "margin_nudged": 0.9055170256276659
    },
    {
      "turn_local0": 3,
      "score": 5,
      "score_nudged": null,
      "margin_baseline": 0.9055170256276659,
      "margin_nudged": 0.9055170256276659
    }
  ]
}