{
  "group_id": "74b78b44f4ca4eeb84a3c19810cdda8b",
  "records": [
    {
      "turn_local0": 0,
      "score": 4,
      "score_nudged": null,
      "margin_baseline": 0.49717510718563296,
      "margin_nudged": -0.3940601398788057
    },
    {
      "turn_local0": 1,
      "score": 5,
      "score_nudged": null,
      "margin_baseline": 0.9454357441653969,
      "margin_nudged": 0.7469750896238697
    }
  ]
}