{
  "group_id": "75c3a8a29c07864812af53ba03b18c1a",
  "records": [
    {
      "turn_local0": 0,
      "score": 3,
      "score_nudged": null,
      "margin_baseline": 0.9081763415008048,
      "margin_nudged": 0.9081763415008048
    },
    {
      "turn_local0": 1,
      "score": 1,
      "score_nudged": null,
      "margin_baseline": 0.10046888323276917,
      "margin_nudged": 0.10046888323276917
    },
    {
      "turn_local0": 2,
      "score": 1,
      "score_nudged": null,
      "margin_baseline": 0.12283328756351788,
      "margin_nudged": 0.12283328756351788
    },
    {
      "turn_local0": 3,
      "score": 5,
      "score_nudged": null,
      "margin_baseline": 0.12283328756351788,
      "margin_nudged": 0.12283328756351788
    }
  ]
}