{
  "group_id": "88ba4c6c786d31f047037b40c50d270a",
  "records": [
    {
      "turn_local0": 0,
      "score": 3,
      "score_nudged": null,
      "margin_baseline": 1.7574636580664575,
      "margin_nudged": 0.45102751487043746
    },
    {
      "turn_local0": 1,
      "score": 4,
      "score_nudged": null,
      "margin_baseline": 1.4476906043454842,
      "margin_nudged": 1.259997955190572
    },
    {
      "turn_local0": 2,
      "score": 4,
      "score_nudged": null,
      "margin_baseline": 1.006977925139341,
      "margin_nudged": 0.9750611018927708
    },
    {
      "turn_local0": 3,
      "score": 5,
      "score_nudged": null,
      "margin_baseline": 0.8125971512721337,
      "margin_nudged": 0.8151918142258456
    }
  ]
}