{
  "group_id": "aaf86ed100bb1316e81bf5c044791568",
  "records": [
    {
      "turn_local0": 0,
      "score": 4,
      "score_nudged": 3,
      "margin_baseline": 1.6928320917947723,
      "margin_nudged": 1.2240610577569404
    },
    {
      "turn_local0": 1,
      "score": 5,
      "score_nudged": 1,
      "margin_baseline": 0.7864756921001989,
      "margin_nudged": 0.6255325673086461
    }
  ]
}