{
  "group_id": "d94abcda70d02a023260ddce054a5ef5",
  "records": [
    {
      "turn_local0": 0,
      "score": 2,
      "score_nudged": 5,
      "margin_baseline": -0.4090853970955322,
      "margin_nudged": -0.4090853970955322
    },
    {
      "turn_local0": 1,
      "score": 3,
      "score_nudged": 3,
      "margin_baseline": 1.2295790423668762,
      "margin_nudged": 0.9919056080619274
    },
    {
      "turn_local0": 2,
      "score": 4,
      "score_nudged": 4,
      "margin_baseline": 1.3903445469787281,
      "margin_nudged": 1.2482372632139094
    },
    {
      "turn_local0": 3,
      "score": 5,
      "score_nudged": 3,
      "margin_baseline": 1.3903445469787281,
      "margin_nudged": 1.2482372632139094
    }
  ]
}